{"inputUnits":[34],"outputUnits":5,"inputs":{"0":{"dtype":"number","min":159.37942014103047,"max":519.9320511697096},"1":{"dtype":"number","min":26.823815537242623,"max":134.3817864431043},"2":{"dtype":"number","min":170.7322291324013,"max":531.8482177020513},"3":{"dtype":"number","min":13.021016557778992,"max":122.22062525461058},"4":{"dtype":"number","min":149.077069317853,"max":510.23470099674097},"5":{"dtype":"number","min":14.82027377301489,"max":121.95727744297673},"6":{"dtype":"number","min":184.68184264779788,"max":546.0200943677281},"7":{"dtype":"number","min":20.1587052373161,"max":131.25906068679183},"8":{"dtype":"number","min":127.98251681857639,"max":494.0047069646229},"9":{"dtype":"number","min":24.296683447170437,"max":130.48412657620614},"10":{"dtype":"number","min":211.88354135256762,"max":582.3847669932345},"11":{"dtype":"number","min":83.27107509442007,"max":197.40634048194215},"12":{"dtype":"number","min":86.18684824447185,"max":448.1533867016173},"13":{"dtype":"number","min":118.0277845594618,"max":191.04313365200107},"14":{"dtype":"number","min":269.0941329866822,"max":608.8593397828338},"15":{"dtype":"number","min":140.31090808890715,"max":304.0866609391181},"16":{"dtype":"number","min":49.02688188162463,"max":421.65438869543243},"17":{"dtype":"number","min":162.47826291803727,"max":296.9660768267239},"18":{"dtype":"number","min":226.84935869064478,"max":636.5757175914027},"19":{"dtype":"number","min":129.21281305205287,"max":436.75288090696574},"20":{"dtype":"number","min":9.898096274214181,"max":456.08448913455237},"21":{"dtype":"number","min":122.84804940920824,"max":442.2792478565119},"22":{"dtype":"number","min":202.9859626874124,"max":540.4053309925815},"23":{"dtype":"number","min":263.7461041009914,"max":459.05903777183846},"24":{"dtype":"number","min":116.32761280439053,"max":458.9374610833954},"25":{"dtype":"number","min":289.5323326899062,"max":458.55781183372926},"26":{"dtype":"number","min":178.41524492230332,"max":525.3868575960572},"27":{"dtype":"number","min":370.2729258992751,"max":568.7631088762488},"28":{"dtype":"number","min":98.01868565133672,"max":459.2619746470312},"29":{"dtype":"number","min":433.35636309945323,"max":566.3240756207739},"30":{"dtype":"number","min":175.46329728808783,"max":519.7593376650448},"31":{"dtype":"number","min":490.98064935695356,"max":561.0167768452367},"32":{"dtype":"number","min":99.39284359967266,"max":459.2815690291555},"33":{"dtype":"number","min":514.0927495826289,"max":560.6534500568233}},"outputs":{"0":{"dtype":"string","min":0,"max":1,"uniqueValues":["R","L","S","F","B"],"legend":{"R":[1,0,0,0,0],"L":[0,1,0,0,0],"S":[0,0,1,0,0],"F":[0,0,0,1,0],"B":[0,0,0,0,1]}}},"isNormalized":true}